BMW,218i Coupe M Sport,BMW 218i Coupe M Sport,"P 3,590,000 (AT)"
BMW,220i Coupe M Sport,BMW 220i Coupe M Sport,"P 3,690,000 (AT)"
BMW,M240i Coupe M Sport,BMW M240i Coupe M Sport,"P 4,890,000 (AT)"
BMW,318i Sport,BMW 318i Sport,"P 3,790,000 (AT)"
BMW,318i Touring,BMW 318i Touring,"P 3,890,000 (AT)"
BMW,M340i xDrive Touring,BMW M340i xDrive Touring,"P 5,890,000 (AT)"
BMW,420i Advantage,BMW 420i Advantage,"P 4,190,000 (AT)"
BMW,420i M Sport,BMW 420i M Sport,"P 4,790,000 (AT)"
BMW,520i Luxury,BMW 520i Luxury,"P 4,490,000 (AT)"
BMW,530i M Sport,BMW 530i M Sport,"P 4,990,000 (AT)"
BMW,735i Pure Excellence,BMW 735i Pure Excellence,"P 8,990,000 (AT)"
BMW,i7 xDrive60 Pure Excellence,BMW i7 xDrive60 Pure Excellence,"P 10,390,000 (AT)"
BMW,iX3 M Sport,BMW iX3 M Sport,"P 4,990,000 (AT)"
BMW,iX xDrive40,BMW iX xDrive40,"P 6,290,000 (AT)"
BMW,M3 Competition,BMW M3 Competition,"P 9,690,000 (AT)"
BMW,M3 Competition Touring,BMW M3 Competition Touring,"P 10,490,000 (AT)"
BMW,M4 Competition,BMW M4 Competition,"P 9,790,000 (AT)"
BMW,M5 Competition,BMW M5 Competition,"P 13,790,000 (AT)"
BMW,X1 sDrive 18d xLine,BMW X1 sDrive 18d xLine,"P 3,890,000 (AT)"
BMW,X3 xDrive 20d Business,BMW X3 xDrive 20d Business,"P 3,990,000 (AT)"
BMW,X3 xDrive 20d Professional,BMW X3 xDrive 20d Professional,"P 4,290,000 (AT)"
BMW,X5 xDrive 30d M Sport,BMW X5 xDrive 30d M Sport,"P 5,990,000 (AT)"
BMW,X7 xDrive 40d Pure Excellence,BMW X7 xDrive 40d Pure Excellence,"P 9,890,000 (AT)"
BMW,Z4 sDrive 20i,BMW Z4 sDrive 20i,"P 4,090,000 (AT)"
BMW,Z4 M40i,BMW Z4 M40i,"P 5,990,000 (AT)"
BYD,Atto 3 Dynamic EV,BYD Atto 3 Dynamic EV,"P 2,598,000 (AT)"
BYD,Atto 3 Premium EV,BYD Atto 3 Premium EV,"P 2,898,000 (AT)"
BYD,Dolphin EV,BYD Dolphin EV,"P 1,688,000 (AT)"
BYD,Han EV Lux,BYD Han EV Lux,"P 3,688,000 (AT)"
BYD,T3 EV,BYD T3 EV,"P 2,398,000 (AT)"
BYD,Song Plus PHEV,BYD Song Plus PHEV,"P 2,498,000 (AT)"
BYD,Tang EV,BYD Tang EV,"P 3,698,000 (AT)"
Changan,Alsvin 1.4,Changan Alsvin 1.4,"P 629,000 (MT)"
Changan,Alsvin 1.5,Changan Alsvin 1.5,"P 689,000 (AT)"
Changan,Alsvin 1.5 Platinum,Changan Alsvin 1.5 Platinum,"P 739,000 (AT)"
Changan,CS35 Plus 1.4T Lite,Changan CS35 Plus 1.4T Lite,"P 898,000 (AT)"
Changan,CS35 Plus 1.4T Hype,Changan CS35 Plus 1.4T Hype,"P 969,000 (AT)"
Changan,CS35 Plus 1.4T Luxe,Changan CS35 Plus 1.4T Luxe,"P 999,000 (AT)"
Changan,CS55 Plus 1.5T Lite,Changan CS55 Plus 1.5T Lite,"P 1,179,000 (AT)"
Changan,CS55 Plus 1.5T Hype,Changan CS55 Plus 1.5T Hype,"P 1,283,000 (AT)"
Changan,CS55 Plus 1.5T Luxe,Changan CS55 Plus 1.5T Luxe,"P 1,373,000 (AT)"
Changan,CS75 Plus,Changan CS75 Plus,"P 1,379,000 (AT)"
Changan,CS95,Changan CS95,"P 2,178,000 (AT)"
Changan,Eado EV460,Changan Eado EV460,"P 1,828,000 (AT)"
Changan,UNI-T 1.5T,Changan UNI-T 1.5T,"P 1,679,000 (AT)"
Changan,UNI-K 2.0T AWD,Changan UNI-K 2.0T AWD,"P 2,719,000 (AT)"
Chery,Tiggo 2 Pro,Chery Tiggo 2 Pro,"P 840,000 (AT)"
Chery,Tiggo 5X,Chery Tiggo 5X,"P 890,000 (AT)"
Chery,Tiggo 5X Luxury,Chery Tiggo 5X Luxury,"P 995,000 (AT)"
Chery,Tiggo 5X Pro HEV,Chery Tiggo 5X Pro HEV,COMING SOON
Chery,Tiggo 7 Pro,Chery Tiggo 7 Pro,"P 1,250,000 (AT)"
Chery,Tiggo 7 Pro 2-Tone,Chery Tiggo 7 Pro 2-Tone,"P 1,280,000 (AT)"
Chery,Tiggo 7 Pro HEV,Chery Tiggo 7 Pro HEV,COMING SOON
Chery,Tiggo 8 Pro 1.6 T,Chery Tiggo 8 Pro 1.6 T,"P 1,698,000 (AT)"
Chery,Tiggo 8 Pro 2.0T 2WD,Chery Tiggo 8 Pro 2.0T 2WD,"P 1,845,000 (AT)"
Chery,Tiggo 8 Pro 2.0T AWD,Chery Tiggo 8 Pro 2.0T AWD,"P 1,945,000 (AT)"
Chery,Tiggo 8 Pro PHEV,Chery Tiggo 8 Pro PHEV,"P 2,500,000 (AT)"
Chery,Tiggo 8 Pro PHEV E+,Chery Tiggo 8 Pro PHEV E+,"P 2,698,000 (AT)"
Chevrolet,Camaro 2.0 Turbo 3LT RS,Chevrolet Camaro 2.0 Turbo 3LT RS,"P 4,066,888 (AT)"
Chevrolet,Corvette Stingray 3LT Z51,Chevrolet Corvette Stingray 3LT Z51,"P 12,421,888 (AT)"
Chevrolet,Spark 1.4 LT,Chevrolet Spark 1.4 LT,"P 694,888 (MT)"
Chevrolet,Spark 1.4 Premier,Chevrolet Spark 1.4 Premier,"P 734,888 (AT)"
Chevrolet,Suburban 5.3 4WD Z71,Chevrolet Suburban 5.3 4WD Z71,"P 8,634,888 (AT)"
Chevrolet,Suburban 5.3 4WD High Country,Chevrolet Suburban 5.3 4WD High Country,"P 9,636,888 (AT)"
Chevrolet,Tahoe 5.3 4WD Z71,Chevrolet Tahoe 5.3 4WD Z71,"P 7,702,888 (AT)"
Chevrolet,Tahoe 5.3 4WD High Country,Chevrolet Tahoe 5.3 4WD High Country,"P 8,692,888 (AT)"
Chevrolet,Tracker 1.0 LS,Chevrolet Tracker 1.0 LS,"P 1,218,888 (AT)"
Chevrolet,Tracker 1.0 LT Redline,Chevrolet Tracker 1.0 LT Redline,"P 1,292,888 (AT)"
Chevrolet,Trailblazer 1.3T LT,Chevrolet Trailblazer 1.3T LT,"P 1,518,888 (AT)"
Chevrolet,Trailblazer 1.3T Premier,Chevrolet Trailblazer 1.3T Premier,"P 1,701,888 (AT)"
Dodge,Challenger GT 3.6 V6,Dodge Challenger GT 3.6 V6,"P 4,490,000 (AT)"
Dodge,Challenger R/T Scatpack 6.4 Hemi V8,Dodge Challenger R/T Scatpack 6.4 Hemi V8,"P 5,490,000 (AT)"
Dodge,Challenger R/T Scatpack 6.4 Hemi V8 Wide Body,Dodge Challenger R/T Scatpack 6.4 Hemi V8 Wide Body,"P 5,780,000 (AT)"
Dodge,Charger R/T Scatpack 6.4 Hemi V8 Wide Body,Dodge Charger R/T Scatpack 6.4 Hemi V8 Wide Body,"P 5,780,000 (AT)"
Dongfeng,Captain T Cab & Chassis,Dongfeng Captain T Cab & Chassis,"P 880,000 (MT)"
Dongfeng,Captain E Cab & Chassis,Dongfeng Captain E Cab & Chassis,"P 1,035,000 (MT)"
Dongfeng,Captain N Cab & Chassis 14-ft,Dongfeng Captain N Cab & Chassis 14-ft,"P 1,265,000 (MT)"
Dongfeng,Captain N Cab & Chassis 16-ft,Dongfeng Captain N Cab & Chassis 16-ft,"P 1,400,000 (MT)"
Dongfeng,Modern PUV Class 2 4-Wheeler,Dongfeng Modern PUV Class 2 4-Wheeler,"P 2,190,000 (MT)"
Dongfeng,Modern PUV Class 2 6-Wheeler,Dongfeng Modern PUV Class 2 6-Wheeler,"P 2,650,000 (MT)"
Dongfeng,Modern PUV Class 3 6-Wheeler,Dongfeng Modern PUV Class 3 6-Wheeler,"P 2,665,000 (MT)"
Dongfeng,Minibus 33-Seater,Dongfeng Minibus 33-Seater,"P 3,030,000 (MT)"
Dongfeng,Rich 6 2WD,Dongfeng Rich 6 2WD,"P 1,145,000 (MT)"
Dongfeng,Rich 6 2WD,Dongfeng Rich 6 2WD,"P 1,255,000 (AT)"
Ford,Everest 2.0 Turbo Trend 4x2,Ford Everest 2.0 Turbo Trend 4x2,"P 1,799,000 (AT)"
Ford,Everest 2.0 Turbo Limited 4x2,Ford Everest 2.0 Turbo Limited 4x2,"P 2,019,000 (AT)"
Ford,Everest 2.0 Turbo Sport 4x2,Ford Everest 2.0 Turbo Sport 4x2,"P 2,109,000 (AT)"
Ford,Everest 2.0 Turbo Titanium+ 4x2,Ford Everest 2.0 Turbo Titanium+ 4x2,"P 2,209,000 (AT)"
Ford,Everest 2.0 Bi-Turbo Titanium+ 4x4,Ford Everest 2.0 Bi-Turbo Titanium+ 4x4,"P 2,525,000 (AT)"
Ford,Explorer 2.3 EcoBoost Limited AWD,Ford Explorer 2.3 EcoBoost Limited AWD,"P 3,298,000 (AT)"
Ford,F-150 3.0 V6 Power Stroke Lariat Sport 4x4,Ford F-150 3.0 V6 Power Stroke Lariat Sport 4x4,"P 3,398,000 (AT)"
Ford,Mustang 2.3 EcoBoost Premium,Ford Mustang 2.3 EcoBoost Premium,"P 3,048,000 (AT)"
Ford,Mustang 5.0 V8 GT Premium Fastback,Ford Mustang 5.0 V8 GT Premium Fastback,"P 3,638,000 (AT)"
Ford,Mustang 5.0 V8 GT Premium Convertible,Ford Mustang 5.0 V8 GT Premium Convertible,"P 3,818,000 (AT)"
Ford,Mustang Shelby GT500,Ford Mustang Shelby GT500,"P 7,760,000 (AT)"
Ford,Ranger 2.0 Turbo XL 4x4,Ford Ranger 2.0 Turbo XL 4x4,"P 1,249,000 (MT)"
Ford,Ranger 2.0 Turbo XLS 4x2,Ford Ranger 2.0 Turbo XLS 4x2,"P 1,249,000 (MT)"
Ford,Ranger 2.0 Turbo XLS 4x2,Ford Ranger 2.0 Turbo XLS 4x2,"P 1,324,000 (AT)"
Ford,Ranger 2.0 Turbo XLT 4x2,Ford Ranger 2.0 Turbo XLT 4x2,"P 1,379,000 (AT)"
Ford,Ranger 2.0 Turbo Sport 4x2,Ford Ranger 2.0 Turbo Sport 4x2,"P 1,494,000 (AT)"
Ford,Ranger 2.0 Turbo Sport 4x4,Ford Ranger 2.0 Turbo Sport 4x4,"P 1,614,000 (AT)"
Ford,Ranger 2.0 Turbo Wildtrak 4x2,Ford Ranger 2.0 Turbo Wildtrak 4x2,"P 1,604,000 (AT)"
Ford,Ranger 2.0 Bi-Turbo Wildtrak 4x4,Ford Ranger 2.0 Bi-Turbo Wildtrak 4x4,"P 1,910,000 (AT)"
Ford,Ranger Raptor 2.0 Bi-Turbo AWD,Ford Ranger Raptor 2.0 Bi-Turbo AWD,"P 2,339,000 (AT)"
Ford,Territory 1.5T Titanium,Ford Territory 1.5T Titanium,"P 1,399,000 (AT)"
Ford,Territory 1.5T Titanium X,Ford Territory 1.5T Titanium X,"P 1,599,000 (AT)"
Foton,Gratour Midi Dropside,Foton Gratour Midi Dropside,"P 570,000 (MT)"
Foton,Gratour Midi F-Van,Foton Gratour Midi F-Van,"P 665,000 (MT)"
Foton,Gratour Midi Wing Van,Foton Gratour Midi Wing Van,"P 715,000 (MT)"
Foton,Gratour Midi MPV,Foton Gratour Midi MPV,"P 690,000 (MT)"
Foton,Gratour Midi MPV Dual AC,Foton Gratour Midi MPV Dual AC,"P 750,000 (MT)"
Foton,Harabas TM 300 Cab & Chassis,Foton Harabas TM 300 Cab & Chassis,"P 755,000 (MT)"
Foton,Harabas TM 300 Dropside,Foton Harabas TM 300 Dropside,"P 790,000 (MT)"
Foton,Harabas TM 300 F-Van ,Foton Harabas TM 300 F-Van ,"P 880,000 (MT)"
Foton,Harabas TM 300 Wingvan,Foton Harabas TM 300 Wingvan,"P 905,000 (MT)"
Foton,Harabas TM 300 MPV,Foton Harabas TM 300 MPV,"P 905,000 (MT)"
Foton,Harabas TM 300 MPV Premium,Foton Harabas TM 300 MPV Premium,"P 985,000 (MT)"
Foton,Harabas TM 300 MPV Premium Dual AC,Foton Harabas TM 300 MPV Premium Dual AC,"P 1,065,000 (MT)"
Foton,Harabas TM 300 MPV Imperium,Foton Harabas TM 300 MPV Imperium,"P 1,283,000 (MT)"
Foton,Thunder 4x2,Foton Thunder 4x2,"P 1,180,000 (MT)"
Foton,Thunder 4x2,Foton Thunder 4x2,"P 1,350,000 (AT)"
Foton,Thunder 4x4,Foton Thunder 4x4,"P 1,298,000 (MT)"
Foton,Toano,Foton Toano,"P 2,160,000 (MT)"
Foton,Toano Executive,Foton Toano Executive,"P 2,590,000 (MT)"
Foton,Toplander 4x2 EL,Foton Toplander 4x2 EL,"P 1,388,000 (AT)"
Foton,Toplander 4x2 EX,Foton Toplander 4x2 EX,"P 1,488,000 (AT)"
Foton,Tornado M2EE4 Cab & Chassis,Foton Tornado M2EE4 Cab & Chassis,"P 915,000 (MT)"
Foton,Tornado M2EE4 Dropside,Foton Tornado M2EE4 Dropside,"P 985,000 (MT)"
Foton,Tornado M2EE4 F-Van,Foton Tornado M2EE4 F-Van,"P 1,070,000 (MT)"
Foton,Tornado M2EE4 MPV,Foton Tornado M2EE4 MPV,"P 1,155,000 (MT)"
Foton,Tornado 2.4C Cab & Chassis,Foton Tornado 2.4C Cab & Chassis,"P 1,025,000 (MT)"
Foton,Tornado 2.4C F-Jeepney,Foton Tornado 2.4C F-Jeepney,"P 2,015,000 (MT)"
Foton,Tornado M2.6C Cab & Chassis,Foton Tornado M2.6C Cab & Chassis,"P 1,120,000 (MT)"
Foton,Tornado M2.6C Dropside,Foton Tornado M2.6C Dropside,"P 1,190,000 (MT)"
Foton,Tornado M2.6C F-Van,Foton Tornado M2.6C F-Van,"P 1,275,000 (MT)"
Foton,Tornado M2.6C MPV,Foton Tornado M2.6C MPV,"P 1,360,000 (MT)"
Foton,Tornado M4.2C Cab & Chassis,Foton Tornado M4.2C Cab & Chassis,"P 1,285,000 (MT)"
Foton,Tornado M4.2C Dropside,Foton Tornado M4.2C Dropside,"P 1,355,000 (MT)"
Foton,Tornado M4.2C F-Van,Foton Tornado M4.2C F-Van,"P 1,490,000 (MT)"
Foton,Tornado M4.2C F-Jeepney,Foton Tornado M4.2C F-Jeepney,"P 2,510,000 (MT)"
Foton,Tornado M5.2C Cab & Chassis,Foton Tornado M5.2C Cab & Chassis,"P 1,440,000 (MT)"
Foton,Tornado M5.2C Dropside,Foton Tornado M5.2C Dropside,"P 1,545,000 (MT)"
Foton,Tornado M5.2C F-Van,Foton Tornado M5.2C F-Van,"P 1,675,000 (MT)"
Foton,Transvan 13-Seater,Foton Transvan 13-Seater,"P 1,290,000 (MT)"
Foton,Transvan 15-Seater,Foton Transvan 15-Seater,"P 1,290,000 (MT)"
Foton,Traveller 16-Seater,Foton Traveller 16-Seater,"P 1,600,000 (MT)"
Foton,Traveller XL 19-Seater,Foton Traveller XL 19-Seater,"P 1,750,000 (MT)"
GAC,EMKOO 1.5T GE,GAC EMKOO 1.5T GE,"P 1,298,000 (AT)"
GAC,EMKOO 1.5T GL,GAC EMKOO 1.5T GL,"P 1,498,000 (AT)"
GAC,EMPOW 1.5T GS,GAC EMPOW 1.5T GS,"P 1,225,000 (AT)"
GAC,EMPOW 1.5T GB,GAC EMPOW 1.5T GB,"P 1,305,000 (AT)"
GAC,EMPOW 1.5T GE,GAC EMPOW 1.5T GE,"P 1,348,000 (AT)"
GAC,GS3 1.5 GS,GAC GS3 1.5 GS,"P 898,000 (AT)"
GAC,GS3 1.5 GB,GAC GS3 1.5 GB,"P 968,000 (AT)"
GAC,GS3 EMZOOM 1.5T GS,GAC GS3 EMZOOM 1.5T GS,"P 998,000 (AT)"
GAC,GS3 EMZOOM 1.5T GB,GAC GS3 EMZOOM 1.5T GB,"P 1,098,000 (AT)"
GAC,"GS3 EMZOON 1,5T GL","GAC GS3 EMZOON 1,5T GL","P 1,198,000 (AT)"
GAC,GS4 1.5 GB,GAC GS4 1.5 GB,"P 1,160,000 (AT)"
GAC,GN6 1.5 GE,GAC GN6 1.5 GE,"P 1,350,000 (AT)"
GAC,GS8 2.0 GT,GAC GS8 2.0 GT,"P 2,398,000 (AT)"
Geely,Azkarra 1.5 EMS AWD Luxury,Geely Azkarra 1.5 EMS AWD Luxury,"P 1,808,000 (AT)"
Geely,Coolray 1.5 SE Comfort,Geely Coolray 1.5 SE Comfort,"P 1,083,000 (AT)"
Geely,Coolray 1.5 SE Premium,Geely Coolray 1.5 SE Premium,"P 1,218,000 (AT)"
Geely,Coolray 1.5 SE Sport,Geely Coolray 1.5 SE Sport,"P 1,299,000 (AT)"
Geely,Emgrand 1.5 S,Geely Emgrand 1.5 S,"P 753,000 (MT)"
Geely,Emgrand 1.5 Comfort,Geely Emgrand 1.5 Comfort,"P 945,000 (AT)"
Geely,Emgrand 1.5 Premium,Geely Emgrand 1.5 Premium,"P 999,000 (AT)"
Geely,Okavango 1.5 EMS Comfort,Geely Okavango 1.5 EMS Comfort,"P 1,523,000 (AT)"
Geely,Okavango 1.5 EMS Urban,Geely Okavango 1.5 EMS Urban,"P 1,633,000 (AT)"
Geely,Okavango 1.5 EMS Urban Plus,Geely Okavango 1.5 EMS Urban Plus,"P 1,765,000 (AT)"
Great Wall,GWM Cannon C-Series 4x2,Great Wall GWM Cannon C-Series 4x2,"P 998,000 (MT)"
Great Wall,GWM Cannon C-Series 4x4,Great Wall GWM Cannon C-Series 4x4,"P 1,118,000 (MT)"
Great Wall,GWM Cannon P-Series Lux 4x2,Great Wall GWM Cannon P-Series Lux 4x2,"P 1,198,000 (AT)"
Great Wall,GWM Cannon P-Series Lux 4x4,Great Wall GWM Cannon P-Series Lux 4x4,"P 1,318,000 (AT)"
Great Wall,GWM Cannon P-Series SLux 4x2,Great Wall GWM Cannon P-Series SLux 4x2,"P 1,358,000 (AT)"
Great Wall,GWM Cannon P-Series SLux 4x4,Great Wall GWM Cannon P-Series SLux 4x4,"P 1,498,000 (AT)"
Great Wall,Haval Jolion 1.5 Turbo Plus,Great Wall Haval Jolion 1.5 Turbo Plus,"P 998,000 (AT)"
Great Wall,Haval Jolion 1.5 Turbo Max,Great Wall Haval Jolion 1.5 Turbo Max,"P 1,128,000 (AT)"
Great Wall,Haval Jolion 1.5 Turbo Supreme,Great Wall Haval Jolion 1.5 Turbo Supreme,"P 1,248,000 (AT)"
Great Wall,Haval Jolion 1.5 HEV Supreme,Great Wall Haval Jolion 1.5 HEV Supreme,"P 1,588,000 (AT)"
Great Wall,Haval H6 1.5 HEV Max,Great Wall Haval H6 1.5 HEV Max,"P 1,788,000 (AT)"
Great Wall,Haval H6 1.5 HEV Supreme,Great Wall Haval H6 1.5 HEV Supreme,"P 1,883,000 (AT)"
Haima,S7 1.8 Turbo GL,Haima S7 1.8 Turbo GL,"P 1,019,000 (MT)"
Haima,S7 1.8 Turbo STD,Haima S7 1.8 Turbo STD,"P 1,199,000 (AT)"
Haima,X7 1.5 Turbo ,Haima X7 1.5 Turbo ,"P 1,199,000 (AT)"
Haima,V70 1.5 Turbo Deluxe 7-Seater,Haima V70 1.5 Turbo Deluxe 7-Seater,"P 1,079,000 (AT)"
Haima,V70 1.5 Turbo Deluxe 6-Seater,Haima V70 1.5 Turbo Deluxe 6-Seater,"P 1,099,000 (AT)"
Honda,BR-V 1.5 S,Honda BR-V 1.5 S,"P 1,090,000 (MT)"
Honda,BR-V 1.5 S,Honda BR-V 1.5 S,"P 1,150,000 (AT)"
Honda,BR-V 1.5 V,Honda BR-V 1.5 V,"P 1,295,000 (AT)"
Honda,BR-V 1.5 VX Honda SENSING,Honda BR-V 1.5 VX Honda SENSING,"P 1,390,000 (AT)"
Honda,Brio 1.2 S,Honda Brio 1.2 S,"P 680,000 (MT)"
Honda,Brio 1.2 V,Honda Brio 1.2 V,"P 772,000 (AT)"
Honda,Brio 1.2 RS,Honda Brio 1.2 RS,"P 828,000 (AT)"
Honda,Brio 1.2 RS Black Top,Honda Brio 1.2 RS Black Top,"P 838,000 (AT)"
Honda,City 1.5 S,Honda City 1.5 S,"P 953,000 (AT)"
Honda,City 1.5 V,Honda City 1.5 V,"P 1,033,000 (AT)"
Honda,City 1.5 RS,Honda City 1.5 RS,"P 1,093,000 (AT)"
Honda,City 1.5 RS Hatchback,Honda City 1.5 RS Hatchback,"P 1,153,000 (AT)"
Honda,Civic V Turbo Honda SENSING,Honda Civic V Turbo Honda SENSING,"P 1,583,000 (AT)"
Honda,Civic RS Turbo Honda SENSING,Honda Civic RS Turbo Honda SENSING,"P 1,775,000 (AT)"
Honda,Civic Type R Honda SENSING,Honda Civic Type R Honda SENSING,"P 3,880,000 (MT)"
Honda,CR-V 2.0 S 5-Seater,Honda CR-V 2.0 S 5-Seater,"P 1,763,000 (AT)"
Honda,CR-V S Diesel 7-Seater Honda SENSING,Honda CR-V S Diesel 7-Seater Honda SENSING,"P 2,030,000 (AT)"
Honda,CR-V SX Diesel AWD 7-Seater Honda SENSING,Honda CR-V SX Diesel AWD 7-Seater Honda SENSING,"P 2,290,000 (AT)"
Honda,HR-V S Honda SENSING,Honda HR-V S Honda SENSING,"P 1,389,000 (AT)"
Honda,HR-V V Turbo Honda SENSING,Honda HR-V V Turbo Honda SENSING,"P 1,649,000 (AT)"
Honda,HR-V RS Honda SENSING,Honda HR-V RS Honda SENSING,"P 1,739,000 (AT)"
Hyundai,Creta 1.5 GL,Hyundai Creta 1.5 GL,"P 1,048,000 (MT)"
Hyundai,Creta 1.5 GL,Hyundai Creta 1.5 GL,"P 1,228,000 (AT)"
Hyundai,Creta 1.5 GLS,Hyundai Creta 1.5 GLS,"P 1,388,000 (AT)"
Hyundai,H-100 2.5 CRDi Cab & Chassis w/ AC,Hyundai H-100 2.5 CRDi Cab & Chassis w/ AC,"P 1,024,000 (MT)"
Hyundai,H-100 2.5 CRDi Shuttle w/ AC,Hyundai H-100 2.5 CRDi Shuttle w/ AC,"P 1,240,000 (MT)"
Hyundai,Ioniq 5 GLS RWD Standard Range,Hyundai Ioniq 5 GLS RWD Standard Range,"P 3,068,000 (AT)"
Hyundai,Ioniq 5 GLS RWD Extended Range,Hyundai Ioniq 5 GLS RWD Extended Range,"P 3,698,000 (AT)"
Hyundai,Ioniq 6,Hyundai Ioniq 6,COMING SOON
Hyundai,Palisade 2.2 CRDi GLS,Hyundai Palisade 2.2 CRDi GLS,"P 3,780,000 (AT)"
Hyundai,Santa Fe 2.2 CRDi GLS,Hyundai Santa Fe 2.2 CRDi GLS,"P 2,420,000 (AT)"
Hyundai,Staria 2.2 CRDi Cargo,Hyundai Staria 2.2 CRDi Cargo,"P 1,560,000 (MT)"
Hyundai,Staria 2.2 CRDi Commuter,Hyundai Staria 2.2 CRDi Commuter,"P 1,850,000 (MT)"
Hyundai,Staria 2.2 CRDi GLS+,Hyundai Staria 2.2 CRDi GLS+,"P 2,320,000 (AT)"
Hyundai,Staria 2.2 CRDi Premium+ AWD,Hyundai Staria 2.2 CRDi Premium+ AWD,"P 2,930,000 (AT)"
Hyundai,Stargazer 1.5 GL,Hyundai Stargazer 1.5 GL,"P 1,068,000 (AT)"
Hyundai,Stargazer 1.5 GLS,Hyundai Stargazer 1.5 GLS,"P 1,198,000 (AT)"
Hyundai,Stargazer 1.5 GLS Premium,Hyundai Stargazer 1.5 GLS Premium,"P 1,288,000 (AT)"
Hyundai,Stargazer 1.5 GLS Premium 6-Seater,Hyundai Stargazer 1.5 GLS Premium 6-Seater,COMING SOON
Hyundai,Tucson 2.0 GLS,Hyundai Tucson 2.0 GLS,"P 1,570,000 (AT)"
Hyundai,Tucson 2.0 CRDi GLS+,Hyundai Tucson 2.0 CRDi GLS+,"P 1,840,000 (AT)"
Isuzu,D-MAX RZ4E Single Cab & Chassis,Isuzu D-MAX RZ4E Single Cab & Chassis,"P 917,000 (MT)"
Isuzu,D-MAX RZ4E 4x2 LT,Isuzu D-MAX RZ4E 4x2 LT,"P 1,037,000 (MT)"
Isuzu,D-MAX 3.0 4x4 Single Cab,Isuzu D-MAX 3.0 4x4 Single Cab,"P 1,158,000 (MT)"
Isuzu,D-MAX 3.0 4x4 LT,Isuzu D-MAX 3.0 4x4 LT,"P 1,299,000 (MT)"
Isuzu,D-MAX 3.0 4x2 LS-A,Isuzu D-MAX 3.0 4x2 LS-A,"P 1,390,000 (MT)"
Isuzu,D-MAX 3.0 4x2 LS-A,Isuzu D-MAX 3.0 4x2 LS-A,"P 1,460,000 (AT)"
Isuzu,D-MAX 3.0 4x4 LS,Isuzu D-MAX 3.0 4x4 LS,"P 1,700,000 (MT)"
Isuzu,D-MAX 3.0 4x4 LS-E,Isuzu D-MAX 3.0 4x4 LS-E,"P 1,905,000 (AT)"
Isuzu,mu-X RZ4E LS 4x2,Isuzu mu-X RZ4E LS 4x2,"P 1,650,000 (AT)"
Isuzu,mu-X RZ4E LS-A 4x2,Isuzu mu-X RZ4E LS-A 4x2,"P 1,815,000 (MT)"
Isuzu,mu-X 3.0 LS-A 4x2,Isuzu mu-X 3.0 LS-A 4x2,"P 1,945,000 (AT)"
Isuzu,mu-X 3.0 LS-E 4x2,Isuzu mu-X 3.0 LS-E 4x2,"P 2,155,000 (AT)"
Isuzu,mu-X 3.0 LS-E 4x4,Isuzu mu-X 3.0 LS-E 4x4,"P 2,505,000 (AT)"
Isuzu,Traviz S Cab & Chassis,Isuzu Traviz S Cab & Chassis,"P 962,000 (MT)"
Isuzu,Traviz L Cab & Chassis,Isuzu Traviz L Cab & Chassis,"P 1,022,000 (MT)"
JAC,S2 1.5,JAC S2 1.5,"P 948,000 (AT)"
JAC,S4 Intelligent,JAC S4 Intelligent,"P 1,088,000 (AT)"
JAC,S4 Ultimate,JAC S4 Ultimate,"P 1,178,000 (AT)"
JAC,T8 2.0 CRDi 4x2 Luxury,JAC T8 2.0 CRDi 4x2 Luxury,"P 1,238,000 (MT)"
JAC,T8 2.0 CRDi 4x2 Ultimate,JAC T8 2.0 CRDi 4x2 Ultimate,"P 1,308,000 (MT)"
JAC,T8 2.0 CRDi 4x2 Pro,JAC T8 2.0 CRDi 4x2 Pro,"P 1,393,000 (MT)"
JAC,X200 Cab & Chassis,JAC X200 Cab & Chassis,"P 895,000 (MT)"
JAC,X200 Passenger Van,JAC X200 Passenger Van,"P 1,208,000 (MT)"
Jaguar,Jaguar F-Type Coupe P300 Black Pack,Jaguar Jaguar F-Type Coupe P300 Black Pack,"P 6,590,000 (AT)"
Jaguar,Jaguar I-PACE S EV400,Jaguar Jaguar I-PACE S EV400,"P 7,990,000 (AT)"
Jeep,Gladiator Overland 3.6 V6 4x4,Jeep Gladiator Overland 3.6 V6 4x4,"P 4,890,000 (AT)"
Jeep,Gladiator Rubicon 3.6 V6 4x4,Jeep Gladiator Rubicon 3.6 V6 4x4,"P 5,690,000 (AT)"
Jeep,Grand Cherokee L 3.6 V6 4x4,Jeep Grand Cherokee L 3.6 V6 4x4,"P 5,490,000 (AT)"
Jeep,Wrangler Rubicon 2.0 Turbo 4x4,Jeep Wrangler Rubicon 2.0 Turbo 4x4,"P 5.490,000 (AT)"
Jeep,Wrangler Unlimited Sahara 2.0 Turbo 4x4,Jeep Wrangler Unlimited Sahara 2.0 Turbo 4x4,"P 5,290,000 (AT)"
Jeep,Wrangler Unlimited Rubicon 2.0 Turbo 4x4,Jeep Wrangler Unlimited Rubicon 2.0 Turbo 4x4,"P 5,690,000 (AT)"
Jetour,Dashing,Jetour Dashing,"P 1,329,000 (AT)"
Jetour,Ice Cream EV,Jetour Ice Cream EV,"P 699,000 (AT)"
Jetour,X70 Journey,Jetour X70 Journey,"P 1,099,000 (AT)"
Jetour,X70 Travel,Jetour X70 Travel,"P 1,259,000 (AT)"
Jetour,X70 Sport,Jetour X70 Sport,"P 1,299,000 (AT)"
Jetour,X70 Plus,Jetour X70 Plus,"P 1,499,000 (AT)"
JMC,JMK6 Dump Truck,JMC JMK6 Dump Truck,"P 1,310,000 (MT)"
JMC,N700 Dropside,JMC N700 Dropside,"P 1,165,000 (MT)"
JMC,N700 Aluminum Van,JMC N700 Aluminum Van,"P 1,220,000 (MT)"
JMC,N700 Refrigerated Van,JMC N700 Refrigerated Van,"P 1,630,000 (MT)"
JMC,N720 Dropside,JMC N720 Dropside,"P 1,260,000 (MT)"
JMC,N720 Aluminum Van,JMC N720 Aluminum Van,"P 1,340,000 (MT)"
JMC,N720 Refrigerated Van,JMC N720 Refrigerated Van,"P 1,820,000 (MT)"
JMC,N820 Dropside,JMC N820 Dropside,"P 1,535,000 (MT)"
JMC,N820 Aluminum Van,JMC N820 Aluminum Van,"P 1,600,000 (MT)"
JMC,N920 Refrigerated Van,JMC N920 Refrigerated Van,"P 2,390,000 (MT)"
Kaicene,CX70 1.5T,Kaicene CX70 1.5T,"P 879,000 (AT)"
Kaicene,Honor S Cargo,Kaicene Honor S Cargo,"P 515,000 (MT)"
Kaicene,Honor S,Kaicene Honor S,"P 655,000 (MT)"
Kaicene,Star Truck,Kaicene Star Truck,"P 488,000 (MT)"
Kaicene,Star Truck Express,Kaicene Star Truck Express,"P 535,000 (MT)"
Kaicene,X5 Dropside,Kaicene X5 Dropside,"P 688,000 (MT)"
Kaicene,X5 Macho Mover,Kaicene X5 Macho Mover,"P 878,000 (MT)"
Kia,Carnival EX 7-Seater,Kia Carnival EX 7-Seater,"P 2,640,000 (AT)"
Kia,Carnival SX 7-Seater,Kia Carnival SX 7-Seater,"P 3,088,000 (AT)"
Kia,K2500 4x2 Single Cab C&C,Kia K2500 4x2 Single Cab C&C,"P 1,020,000 (MT)"
Kia,K2500 4x4 Single Cab C&C,Kia K2500 4x4 Single Cab C&C,"P 1,110,000 (MT)"
Kia,K2500 4x4 Double Cab Dropside,Kia K2500 4x4 Double Cab Dropside,"P 1,210,000 (MT)"
Kia,EV6,Kia EV6,"P 3,788,000 (AT)"
Kia,Forte 1.6 LX,Kia Forte 1.6 LX,"P 1,095,000 (MT)"
Kia,Forte 1.6 EX,Kia Forte 1.6 EX,"P 1,195,000 (AT)"
Kia,Forte 1.6 Turbo GT,Kia Forte 1.6 Turbo GT,"P 1,650,000 (AT)"
Kia,Picanto 1.2 EX,Kia Picanto 1.2 EX,"P 700,000 (MT)"
Kia,Seltos 2.0 EX,Kia Seltos 2.0 EX,"P 1,208,000 (AT)"
Kia,Seltos 2.0 SX,Kia Seltos 2.0 SX,"P 1,560,000 (AT)"
Kia,Seltos 2.0 SX 2-Tone,Kia Seltos 2.0 SX 2-Tone,"P 1,580,000 (AT)"
Kia,Sorento 2.2 EX 4x2,Kia Sorento 2.2 EX 4x2,"P 2,448,000 (AT)"
Kia,Sorento 2.2 SX 4x2,Kia Sorento 2.2 SX 4x2,"P 2,638,000 (AT)"
Kia,Soluto 1.4 LX,Kia Soluto 1.4 LX,"P 780,000 (MT)"
Kia,Soluto 1.4 LX,Kia Soluto 1.4 LX,"P 825,000 (AT)"
Kia,Soluto 1.4 LX w/ Alloy Wheel,Kia Soluto 1.4 LX w/ Alloy Wheel,"P 835,000 (AT)"
Kia,Soluto 1.4 EX,Kia Soluto 1.4 EX,"P 865,000 (AT)"
Kia,Sportage 2.0 Diesel GT Line 4x2,Kia Sportage 2.0 Diesel GT Line 4x2,"P 1,820,000 (AT)"
Kia,Stinger 3.3 GT,Kia Stinger 3.3 GT,"P 3,235,000 (AT)"
Kia,Stonic 1.4 LX,Kia Stonic 1.4 LX,"P 835,000 (MT)"
Kia,Stonic 1.4 LX,Kia Stonic 1.4 LX,"P 900,000 (AT)"
Kia,Stonic 1.4 Style Edition,Kia Stonic 1.4 Style Edition,"P 940,000 (AT)"
Kia,Stonic 1.4 EX,Kia Stonic 1.4 EX,"P 990,000 (AT)"
Lexus,ES 300h,Lexus ES 300h,"P 3,838,000 (AT)"
Lexus,ES 300h Luxury,Lexus ES 300h Luxury,"P 4,218,000 (AT)"
Lexus,ES 350 Premier,Lexus ES 350 Premier,"P 4,828,000 (AT)"
Lexus,GX 460,Lexus GX 460,"P 5,968,000 (AT)"
Lexus,IS 300h Executive,Lexus IS 300h Executive,"P 3,038,000 (AT)"
Lexus,IS 300h Premier,Lexus IS 300h Premier,"P 3,398,000 (AT)"
Lexus,IS 350 F Sport,Lexus IS 350 F Sport,"P 4,178,000 (AT)"
Lexus,LC 500,Lexus LC 500,"P 10,408,000 (AT)"
Lexus,LC 500 Convertible,Lexus LC 500 Convertible,"P 11,618,000 (AT)"
Lexus,LM 350 7-Seater,Lexus LM 350 7-Seater,"P 5,628,000 (AT)"
Lexus,LM 350 4-Seater,Lexus LM 350 4-Seater,"P 9,648,000 (AT)"
Lexus,LS 500 5-Seater,Lexus LS 500 5-Seater,"P 5,958,000 (AT)"
Lexus,LS 500 Premier 5-Seater,Lexus LS 500 Premier 5-Seater,"P 10,178,000 (AT)"
Lexus,LS 500h Premier 5-Seater,Lexus LS 500h Premier 5-Seater,"P 9,618,000 (AT)"
Lexus,LS 500h Premier 4-Seater,Lexus LS 500h Premier 4-Seater,"P 11,868,000 (AT)"
Lexus,LX 600,Lexus LX 600,"P 10,468,000 (AT)"
Lexus,LX 600 F Sport,Lexus LX 600 F Sport,"P 10,738,000 (AT)"
Lexus,NX 350h,Lexus NX 350h,"P 3,438,000 (AT)"
Lexus,NX 350h Premier,Lexus NX 350h Premier,"P 4,628,000 (AT)"
Lexus,NX 350 F Sport,Lexus NX 350 F Sport,"P 4,668,000 (AT)"
Lexus,RC 350,Lexus RC 350,"P 4,108,000 (AT)"
Lexus,RC F,Lexus RC F,"P 5,968,000 (AT)"
Lexus,RX 350h Executive,Lexus RX 350h Executive,"P 5,058,000 (AT)"
Lexus,RX 350h Premier,Lexus RX 350h Premier,"P 6,188,000 (AT)"
Lexus,RX 500 F Sport,Lexus RX 500 F Sport,"P 6,668,000 (AT)"
Lexus,RZ 450e,Lexus RZ 450e,"P 4,828,000 (AT)"
Lexus,UX 250h Premier,Lexus UX 250h Premier,"P 3,058,000 (AT)"
Lexus,UX 250h F Sport,Lexus UX 250h F Sport,"P 3,798,000 (AT)"
Land Rover,Land Rover Defender 90 S P 300,Land Rover Land Rover Defender 90 S P 300,"P 6,190,000 (AT)"
Land Rover,Land Rover Defender 90 S P300 Urban,Land Rover Land Rover Defender 90 S P300 Urban,"P 6,330,000 (AT)"
Land Rover,Land Rover Defender 90 S P300 Country,Land Rover Land Rover Defender 90 S P300 Country,"P 6,420,000 (AT)"
Land Rover,Land Rover Defender 90 S P300 Adventure,Land Rover Land Rover Defender 90 S P300 Adventure,"P 6,440,000 (AT)"
Land Rover,Land Rover Defender 90 S P300 Explorer,Land Rover Land Rover Defender 90 S P300 Explorer,"P 6,660,000 (AT)"
Land Rover,Land Rover Defender 110 S P300,Land Rover Land Rover Defender 110 S P300,"P 6,190,000 (AT)"
Land Rover,Land Rover Defender 110 S P300 Adventure Plus,Land Rover Land Rover Defender 110 S P300 Adventure Plus,"P 6,750,000 (AT)"
Land Rover,Land Rover Defender 110 S P300 Explorer Plus,Land Rover Land Rover Defender 110 S P300 Explorer Plus,"P 6,990,000 (AT)"
Land Rover,Land Rover Defender 110 SE P400e,Land Rover Land Rover Defender 110 SE P400e,"P 9,990,000 (AT)"
Land Rover,Land Rover Defender 110 SE P400e Dynamic,Land Rover Land Rover Defender 110 SE P400e Dynamic,"P 10,290,000 (AT)"
Land Rover,Land Rover Defender 130 S D300,Land Rover Land Rover Defender 130 S D300,"P 11,890,000 (AT)"
Land Rover,Land Rover Defender 130 S D300 Bespoke,Land Rover Land Rover Defender 130 S D300 Bespoke,"P 12,190,000 (AT)"
Land Rover,Land Rover Discovery Sport S D165,Land Rover Land Rover Discovery Sport S D165,"P 4,890,000 (AT)"
Land Rover,Land Rover Discovery Sport S D165 Premium,Land Rover Land Rover Discovery Sport S D165 Premium,"P 5,290,000 (AT)"
Land Rover,Land Rover Discovery P300,Land Rover Land Rover Discovery P300,"P 6,190,000 (AT)"
Land Rover,Land Rover Discovery P300 w/Black Pack,Land Rover Land Rover Discovery P300 w/Black Pack,"P 6,690,000 (AT)"
Land Rover,Range Rover Evoque R-Dynamic S D 165,Land Rover Range Rover Evoque R-Dynamic S D 165,"P 5,890,000 (AT)"
Land Rover,Range Rover Sport Dynamic SE P400e,Land Rover Range Rover Sport Dynamic SE P400e,"P 13,490,000 (AT)"
Land Rover,Range Rover Sport SE D300,Land Rover Range Rover Sport SE D300,"P 13,990,000 (AT)"
Land Rover,Range Rover Sport Dynamic SE D300 w/ Black Pack,Land Rover Range Rover Sport Dynamic SE D300 w/ Black Pack,"P 14,790,000 (AT)"
Land Rover,Range Rover SE D300,Land Rover Range Rover SE D300,"P 16,990,000 (AT)"
Land Rover,Range Rover HSE D350,Land Rover Range Rover HSE D350,"P 19,290,000 (AT)"
Land Rover,Range Rover LWB Autobiography D350,Land Rover Range Rover LWB Autobiography D350,"P 24,090,000 (AT)"
Land Rover,Range Rover LWB Autobiography P530,Land Rover Range Rover LWB Autobiography P530,"P 24,890,000 (AT)"
Maxus,D60 1.5T Pro,Maxus D60 1.5T Pro,"P 1,240,000 (AT)"
Maxus,D60 1.5T Elite,Maxus D60 1.5T Elite,"P 1,338,000 (AT)"
Maxus,D90 4x2 Premium,Maxus D90 4x2 Premium,"P 1,918,000 (AT)"
Maxus,D90 4x4 Premium,Maxus D90 4x4 Premium,"P 2,268,000 (AT)"
Maxus,G10,Maxus G10,"P 1,890,000 (AT)"
Maxus,G10 Assist,Maxus G10 Assist,"P 2,289,800 (AT)"
Maxus,G50 1.3T Comfort,Maxus G50 1.3T Comfort,"P 948,000 (MT)"
Maxus,G50 1.5T Pro,Maxus G50 1.5T Pro,"P 1,179,000 (AT)"
Maxus,G50 1.5T Elite,Maxus G50 1.5T Elite,"P 1,259,000 (AT)"
Maxus,G50 1.5T Premium,Maxus G50 1.5T Premium,"P 1,388,000 (AT)"
Maxus,T60 4x2 Pro,Maxus T60 4x2 Pro,"P 998,000 (MT)"
Maxus,T60 4x2 Pro,Maxus T60 4x2 Pro,"P 1,078,000 (AT)"
Maxus,T60 4x4 Elite,Maxus T60 4x4 Elite,"P 1,328,000 (AT)"
Maxus,V80 Flex,Maxus V80 Flex,"P 1,190,000 (MT)"
Maxus,V80 Transport 15-Seater,Maxus V80 Transport 15-Seater,"P 1,278,000 (MT)"
Maxus,V80 Transport 18-Seater,Maxus V80 Transport 18-Seater,"P 1,288,000 (MT)"
Maxus,V80 Comfort 13-Seater,Maxus V80 Comfort 13-Seater,"P 1,670,000 (MT)"
Mazda,2 1.5 Premium,Mazda 2 1.5 Premium,"P 1,220,000 (AT)"
Mazda,3 2.0 Sport Sedan,Mazda 3 2.0 Sport Sedan,"P 1,495,000 (AT)"
Mazda,3 2.0 Sport Fastback,Mazda 3 2.0 Sport Fastback,"P 1,495,000 (AT)"
Mazda,3 2.0 M Hybrid Sedan,Mazda 3 2.0 M Hybrid Sedan,"P 1,695,000 (AT)"
Mazda,3 2.0 M Hybrid Fastback,Mazda 3 2.0 M Hybrid Fastback,"P 1,695,000 (AT)"
Mazda,6 2.5 Sports Wagon,Mazda 6 2.5 Sports Wagon,"P 2,100,000 (AT)"
Mazda,BT-50 3.0 4x2,Mazda BT-50 3.0 4x2,"P 1,390,000 (MT)"
Mazda,BT-50 3.0 4x2,Mazda BT-50 3.0 4x2,"P 1,430,000 (AT)"
Mazda,BT-50 3.0 4x2 Black Edition,Mazda BT-50 3.0 4x2 Black Edition,"P 1,430,000 (AT)"
Mazda,BT-50 3.0 4x4,Mazda BT-50 3.0 4x4,"P 1,790,000 (AT)"
Mazda,BT-50 3.0 4x4 Pangolin Edition 2,Mazda BT-50 3.0 4x4 Pangolin Edition 2,"P 1,858,000 (AT)"
Mazda,CX-3 2.0 Sport,Mazda CX-3 2.0 Sport,"P 1,510,000 (AT)"
Mazda,CX-30 2.0 Sport,Mazda CX-30 2.0 Sport,"P 1,790,000 (AT)"
Mazda,CX-30 2.0 M Hybrid,Mazda CX-30 2.0 M Hybrid,"P 1,990,000 (AT)"
Mazda,CX-5 2.0 Sport,Mazda CX-5 2.0 Sport,"P 1,890,000 (AT)"
Mazda,CX-5 2.5 AWD Sport,Mazda CX-5 2.5 AWD Sport,"P 1,990,000 (AT)"
Mazda,CX-5 2.5 AWD Turbo,Mazda CX-5 2.5 AWD Turbo,"P 2,430,000 (AT)"
Mazda,CX-60 3.3 HEV Turbo AWD,Mazda CX-60 3.3 HEV Turbo AWD,"P 2,790,000 (AT)"
Mazda,CX-60 3.3 HEV Turbo-D Sport AWD,Mazda CX-60 3.3 HEV Turbo-D Sport AWD,"P 2,890,000 (AT)"
Mazda,CX-8 Signature 2WD 7-Seater,Mazda CX-8 Signature 2WD 7-Seater,"P 2,350,000 (AT)"
Mazda,CX-8 Exclusive AWD 6-Seater,Mazda CX-8 Exclusive AWD 6-Seater,"P 2,490,000 (AT)"
Mazda,CX-9 Turbo Black Edition,Mazda CX-9 Turbo Black Edition,"P 2,790,000 (AT)"
Mazda,CX-9 AWD Turbo Exclusive,Mazda CX-9 AWD Turbo Exclusive,"P 2,990,000 (AT)"
Mazda,MX-5 Black Top / Black Fabric Interior,Mazda MX-5 Black Top / Black Fabric Interior,"P 2,050,000 (MT)"
Mazda,MX-5 Black Top / Black Leather Interior,Mazda MX-5 Black Top / Black Leather Interior,"P 2,200,000 (MT)"
Mazda,MX-5 Black Top / Black Leather Interior,Mazda MX-5 Black Top / Black Leather Interior,"P 2,250,000 (AT)"
Mazda,MX-5 MCP 25th Anniversary Edition,Mazda MX-5 MCP 25th Anniversary Edition,"P 2,280,000 (MT)"
Mazda,MX-5 MCP 25th Anniversary Edition,Mazda MX-5 MCP 25th Anniversary Edition,"P 2,330,000 (AT)"
Mazda,MX-5 Brown Top / Terracotta Nappa Interior,Mazda MX-5 Brown Top / Terracotta Nappa Interior,"P 2,350,000 (AT)"
Mazda,MX-5 Club Edition,Mazda MX-5 Club Edition,"P 2,650,000 (MT)"
Mazda,MX-5 Club Edition,Mazda MX-5 Club Edition,"P 2,700,000 (AT)"
Mazda,MX-5 RF Black Leather Interior,Mazda MX-5 RF Black Leather Interior,"P 2,350,000 (MT)"
Mazda,MX-5 RF Black Leather Interior,Mazda MX-5 RF Black Leather Interior,"P 2,450,000 (AT)"
Mazda,MX-5 RF Terracotta Nappa Interior,Mazda MX-5 RF Terracotta Nappa Interior,"P 2,400,000 (MT)"
Mazda,MX-5 RF Terracotta Nappa Interior,Mazda MX-5 RF Terracotta Nappa Interior,"P 2,490,000 (AT)"
Mazda,MX-5 RF Club Edition,Mazda MX-5 RF Club Edition,"P 2,780,000 (MT)"
Mazda,MX-5 RF Club Edition,Mazda MX-5 RF Club Edition,"P 2,850,000 (AT)"
Mercedes-Benz,A 180 AMG Sedan,Mercedes-Benz A 180 AMG Sedan,"P 3,090,000 (AT)"
Mercedes-Benz,A 180 AMG Hatchback,Mercedes-Benz A 180 AMG Hatchback,"P 3,190,000 (AT)"
Mercedes-Benz,A 35 4Matic AMG Sedan,Mercedes-Benz A 35 4Matic AMG Sedan,"P 5,350,000 (AT)"
Mercedes-Benz,A 35 4Matic AMG Hatchback,Mercedes-Benz A 35 4Matic AMG Hatchback,"P 5,450,000 (AT)"
Mercedes-Benz,CLA 180 Progressive,Mercedes-Benz CLA 180 Progressive,"P 3,550,000 (AT)"
Mercedes-Benz,CLA 35 4Matic AMG,Mercedes-Benz CLA 35 4Matic AMG,"P 5,690,000 (AT)"
Mercedes-Benz,C 180 Avantgarde,Mercedes-Benz C 180 Avantgarde,"P 3,890,000 (AT)"
Mercedes-Benz,E 200 AMG Line,Mercedes-Benz E 200 AMG Line,"P 5,390,000 (AT)"
Mercedes-Benz,GLA 200 Progressive,Mercedes-Benz GLA 200 Progressive,"P 3,650,000 (AT)"
Mercedes-Benz,GLA 200 AMG Line,Mercedes-Benz GLA 200 AMG Line,"P 3,750,000 (AT)"
Mercedes-Benz,GLB 200 Progressive,Mercedes-Benz GLB 200 Progressive,"P 3,990,000 (AT)"
Mercedes-Benz,GLB 200 AMG Line,Mercedes-Benz GLB 200 AMG Line,"P 4,190,000 (AT)"
Mercedes-Benz,GLB 35 4Matic AMG,Mercedes-Benz GLB 35 4Matic AMG,"P 5,690,000 (AT)"
Mercedes-Benz,GLC 200,Mercedes-Benz GLC 200,"P 4,390,000 (AT)"
Mercedes-Benz,GLE 300d 4Matic,Mercedes-Benz GLE 300d 4Matic,"P 5,719,000 (AT)"
Mercedes-Benz,GLS 350d,Mercedes-Benz GLS 350d,By Order
Mercedes-Benz,S 450 LWB,Mercedes-Benz S 450 LWB,By Order
Mercedes-Benz,V 220d CDI Avantgarde LWB 7-Seater,Mercedes-Benz V 220d CDI Avantgarde LWB 7-Seater,"P 5,290,000 (AT)"
MG,MG 5 1.5 Core,MG MG 5 1.5 Core,"P 698,888 (MT)"
MG,MG 5 1.5 Core Plus,MG MG 5 1.5 Core Plus,"P 738,888 (AT)"
MG,MG 5 1.5 Style,MG MG 5 1.5 Style,"P 878,888 (AT)"
MG,MG 5 1.5 Alpha,MG MG 5 1.5 Alpha,"P 938,888 (AT)"
MG,MG 6 1.5T Alpha,MG MG 6 1.5T Alpha,"P 1,068,888 (AT)"
MG,MG 6 1.5T Trophy,MG MG 6 1.5T Trophy,"P 1,188,888 (AT)"
MG,MG GT 1.5 Alpha,MG MG GT 1.5 Alpha,"P 1,015,888 (AT)"
MG,MG GT 1.5T Sport,MG MG GT 1.5T Sport,"P 1,193,888 (AT)"
MG,HS 1.5T Alpha,MG HS 1.5T Alpha,"P 1,258,888 (AT)"
MG,HS 1.5T Trophy,MG HS 1.5T Trophy,"P 1,308,888 (AT)"
MG,RX5 1.5T Core,MG RX5 1.5T Core,"P 1,058,888 (MT)"
MG,RX5 1.5T Style,MG RX5 1.5T Style,"P 1,228,888 (AT)"
MG,RX5 1.5T Alpha,MG RX5 1.5T Alpha,"P 1,298,888 (AT)"
MG,ZS 1.5 Style,MG ZS 1.5 Style,"P 848,888 (MT)"
MG,ZS 1.5 Style,MG ZS 1.5 Style,"P 898,888 (AT)"
MG,ZS 1.5 Style Plus,MG ZS 1.5 Style Plus,"P 928,888 (AT)"
MG,ZS 1.5 Style Plus Night Edition,MG ZS 1.5 Style Plus Night Edition,"P 1,018,888 (AT)"
MG,ZS 1.5 Alpha,MG ZS 1.5 Alpha,"P 1,048,888 (AT)"
MG,ZS T,MG ZS T,"P 1,198,888 (AT)"
Mini,Cooper 3DR,Mini Cooper 3DR,"P 2,650,000 (AT)"
Mini,Cooper 5DR,Mini Cooper 5DR,"P 2,750,000 (AT)"
Mini,Cooper S 3DR,Mini Cooper S 3DR,"P 3,150,000 (AT)"
Mini,Cooper S 3DR Resolute,Mini Cooper S 3DR Resolute,"P 3,300,000 (AT)"
Mini,Cooper S 5DR,Mini Cooper S 5DR,"P 3,250,000 (AT)"
Mini,Cooper S Convertible,Mini Cooper S Convertible,"P 3,500,000 (AT)"
Mini,Cooper JCW,Mini Cooper JCW,"P 3,980,000 (AT)"
Mini,Cooper JCW Convertible,Mini Cooper JCW Convertible,"P 4,400,000 (AT)"
Mini,Cooper Clubman S,Mini Cooper Clubman S,"P 3,600,000 (AT)"
Mini,Cooper Clubman JCW,Mini Cooper Clubman JCW,"P 4,750,000 (AT)"
Mini,Countryman S Sport,Mini Countryman S Sport,"P 3,750,000 (AT)"
Mini,Countryman JCW,Mini Countryman JCW,"P 4,850,000 (AT)"
Mitsubishi,L300 Cab & Chassis,Mitsubishi L300 Cab & Chassis,"P 813,000 (MT)"
Mitsubishi,Mirage 1.2 G,Mitsubishi Mirage 1.2 G,"P 711,000 (MT)"
Mitsubishi,Mirage 1.2 G,Mitsubishi Mirage 1.2 G,"P 772,000 (AT)"
Mitsubishi,Mirage G4 GLX,Mitsubishi Mirage G4 GLX,"P 769,000 (MT)"
Mitsubishi,Mirage G4 GLX,Mitsubishi Mirage G4 GLX,"P 819,000 (AT)"
Mitsubishi,Mirage G4 GLS,Mitsubishi Mirage G4 GLS,"P 899,000 (AT)"
Mitsubishi,Mirage G4 GLS Black Series,Mitsubishi Mirage G4 GLS Black Series,"P 899,000 (AT)"
Mitsubishi,Mirage G4 GLS Sport,Mitsubishi Mirage G4 GLS Sport,"P 929,000 (AT)"
Mitsubishi,Montero Sport 2.4 GLX 2WD,Mitsubishi Montero Sport 2.4 GLX 2WD,"P 1,568,000 (MT)"
Mitsubishi,Montero Sport 2.4 GLS 2WD,Mitsubishi Montero Sport 2.4 GLS 2WD,"P 1,799,000 (AT)"
Mitsubishi,Montero Sport 2.4 GT 2WD Black Series,Mitsubishi Montero Sport 2.4 GT 2WD Black Series,"P 2,050,000 (AT)"
Mitsubishi,Montero Sport 2.4 GT 2WD Black Series Ralliart,Mitsubishi Montero Sport 2.4 GT 2WD Black Series Ralliart,"P 2,122,000 (AT)"
Mitsubishi,Montero Sport 2.4 GT 4WD,Mitsubishi Montero Sport 2.4 GT 4WD,"P 2,366,000 (AT)"
Mitsubishi,Outlander PHEV,Mitsubishi Outlander PHEV,"P 2,998,000 (AT)"
Mitsubishi,Strada 2.5 Cab & Chassis,Mitsubishi Strada 2.5 Cab & Chassis,"P 825,000 (MT)"
Mitsubishi,Strada 2.4 GL 2WD,Mitsubishi Strada 2.4 GL 2WD,"P 1,048,000 (MT)"
Mitsubishi,Strada 2.4 GL 4WD,Mitsubishi Strada 2.4 GL 4WD,"P 1,225,000 (MT)"
Mitsubishi,Strada 2.4 GLS 2WD,Mitsubishi Strada 2.4 GLS 2WD,"P 1,320,000 (MT)"
Mitsubishi,Strada 2.4 GLS 2WD,Mitsubishi Strada 2.4 GLS 2WD,"P 1,395,000 (AT)"
Mitsubishi,Strada 2.4 GLS 2WD Ralliart,Mitsubishi Strada 2.4 GLS 2WD Ralliart,"P 1,429,000 (AT)"
Mitsubishi,Strada 2.4 GLS 2WD S-Limited,Mitsubishi Strada 2.4 GLS 2WD S-Limited,"P 1,496,000 (AT)"
Mitsubishi,Strada 2.4 GLS 4WD,Mitsubishi Strada 2.4 GLS 4WD,"P 1,549,000 (MT)"
Mitsubishi,Strada 2.4 2WD Athlete,Mitsubishi Strada 2.4 2WD Athlete,"P 1,496,000 (AT)"
Mitsubishi,Strada 2.4 4WD Athlete,Mitsubishi Strada 2.4 4WD Athlete,"P 1,827,000 (AT)"
Mitsubishi,Xpander GLX,Mitsubishi Xpander GLX,"P 1,050,000 (MT)"
Mitsubishi,Xpander GLX,Mitsubishi Xpander GLX,"P 1,128,000 (AT)"
Mitsubishi,Xpander GLS,Mitsubishi Xpander GLS,"P 1,198,000 (AT)"
Mitsubishi,Xpander Cross,Mitsubishi Xpander Cross,"P 1,328,000 (AT)"
Mitsubishi,Xpander Cross 60th Anniversary Edition,Mitsubishi Xpander Cross 60th Anniversary Edition,"P 1,382,000 (AT)"
Nissan,370Z Premium,Nissan 370Z Premium,"P 2,779,000 (MT)"
Nissan,370Z Premium,Nissan 370Z Premium,"P 2,879,000 (AT)"
Nissan,370Z NISMO,Nissan 370Z NISMO,By Order
Nissan,Almera EL Turbo,Nissan Almera EL Turbo,"P 779,000 (MT)"
Nissan,Almera VE Turbo,Nissan Almera VE Turbo,"P 949,000 (MT)"
Nissan,Almera VE Turbo,Nissan Almera VE Turbo,"P 999,000 (AT)"
Nissan,Almera VE Turbo N-Sport,Nissan Almera VE Turbo N-Sport,"P 1,049,000 (AT)"
Nissan,GT-R Premium,Nissan GT-R Premium,"P 12,445,000 (AT)"
Nissan,GT-R NISMO,Nissan GT-R NISMO,By Order
Nissan,Kicks E-Power EL,Nissan Kicks E-Power EL,"P 1,239,000 (AT)"
Nissan,Kicks E-Power VE,Nissan Kicks E-Power VE,"P 1,339,000 (AT)"
Nissan,Kicks E-Power VL,Nissan Kicks E-Power VL,"P 1,539,000 (AT)"
Nissan,LEAF,Nissan LEAF,"P 1,998,000 (AT)"
Nissan,Livina 1.5 E,Nissan Livina 1.5 E,"P 1,049,000 (MT)"
Nissan,Livina 1.5 EL,Nissan Livina 1.5 EL,"P 1,129,000 (AT)"
Nissan,Livina 1.5 VE,Nissan Livina 1.5 VE,"P 1,169,000 (AT)"
Nissan,Livina 1.5 VL,Nissan Livina 1.5 VL,"P 1,229,000 (AT)"
Nissan,Navara EL 4x2,Nissan Navara EL 4x2,"P 1,071,000 (MT)"
Nissan,Navara VE Calibre 4x2,Nissan Navara VE Calibre 4x2,"P 1,291,000 (MT)"
Nissan,Navara VE Calibre 4x2,Nissan Navara VE Calibre 4x2,"P 1,381,000 (AT)"
Nissan,Navara VE 4x4,Nissan Navara VE 4x4,"P 1,421,000 (MT)"
Nissan,Navara VL Calibre 4x2,Nissan Navara VL Calibre 4x2,"P 1,521,000 (AT)"
Nissan,Navara VL Calibre-X 4x2,Nissan Navara VL Calibre-X 4x2,"P 1,591,000 (AT)"
Nissan,Navara VL 4x4,Nissan Navara VL 4x4,"P 1,621,000 (MT)"
Nissan,Navara VL 4x4,Nissan Navara VL 4x4,"P 1,701,000 (AT)"
Nissan,Navara PRO-4X 4x4,Nissan Navara PRO-4X 4x4,"P 1,811,000 (AT)"
Nissan,NV350 Urvan Cargo,Nissan NV350 Urvan Cargo,"P 1,199,000 (MT)"
Nissan,NV350 Urvan (15-Seater),Nissan NV350 Urvan (15-Seater),"P 1,509,000 (MT)"
Nissan,NV350 Urvan (18-Seater),Nissan NV350 Urvan (18-Seater),"P 1,519,000 (AT)"
Nissan,NV350 Urvan Premium,Nissan NV350 Urvan Premium,"P 1,899,000 (MT)"
Nissan,NV350 Urvan Premium,Nissan NV350 Urvan Premium,"P 1,959,000 (AT)"
Nissan,Patrol 5.6 V8 4x4,Nissan Patrol 5.6 V8 4x4,"P 4,698,000 (AT)"
Nissan,Patrol NISMO 5.6 V8 4x4,Nissan Patrol NISMO 5.6 V8 4x4,"P 4,999,000 (AT)"
Nissan,Terra 2.5 EL 4x2,Nissan Terra 2.5 EL 4x2,"P 1,709,000 (MT)"
Nissan,Terra 2.5 VE 4x2,Nissan Terra 2.5 VE 4x2,"P 1,889,000 (AT)"
Nissan,Terra 2.5 VL 4x2,Nissan Terra 2.5 VL 4x2,"P 2,059,000 (AT)"
Nissan,Terra 2.5 Sport 4x2,Nissan Terra 2.5 Sport 4x2,"P 2,119,000 (AT)"
Nissan,Terra 2.5 VL 4x4,Nissan Terra 2.5 VL 4x4,"P 2,399,000 (AT)"
Nissan,Terra 2.5 Sport 4x4,Nissan Terra 2.5 Sport 4x4,"P 2,459,000 (AT)"
Peugeot,2008 1.2T Allure,Peugeot 2008 1.2T Allure,"P 1,750,000 (AT)"
Peugeot,3008 1.6T Active,Peugeot 3008 1.6T Active,"P 2,090,000 (AT)"
Peugeot,3008 1.6T Allure,Peugeot 3008 1.6T Allure,"P 2,255,000 (AT)"
Peugeot,5008 1.6T Active,Peugeot 5008 1.6T Active,"P 2,275,000 (AT)"
Peugeot,5008 1.6T Allure,Peugeot 5008 1.6T Allure,"P 2,435,000 (AT)"
Peugeot,Traveller Premium 8-Seater,Peugeot Traveller Premium 8-Seater,"P 3,215,000 (AT)"
Peugeot,Traveller Premium 7-Seater,Peugeot Traveller Premium 7-Seater,"P 3,325,000 (AT)"
RAM,1500 Rebel Crew Cab 4x4 5.7 V8 Hemi,RAM 1500 Rebel Crew Cab 4x4 5.7 V8 Hemi,"P 4,800,000 (AT)"
SsangYong,Korando 1.5T,SsangYong Korando 1.5T,"P 1,290,000 (AT)"
SsangYong,Korando 1.6 Diesel Sport,SsangYong Korando 1.6 Diesel Sport,"P 1,578,000 (AT)"
SsangYong,Korando 1.6 Diesel Premium,SsangYong Korando 1.6 Diesel Premium,"P 1,770,000 (AT)"
SsangYong,Musso Grand 4x2,SsangYong Musso Grand 4x2,"P 1,180,000 (MT)"
SsangYong,Musso Grand 4x2,SsangYong Musso Grand 4x2,"P 1,230,000 (AT)"
SsangYong,Musso 4x2,SsangYong Musso 4x2,"P 1,495,000 (AT)"
SsangYong,Musso Grand 4x4,SsangYong Musso Grand 4x4,"P 1,650,000 (AT)"
SsangYong,Rexton 4x2,SsangYong Rexton 4x2,"P 1,760,000 (AT)"
SsangYong,Rexton 4x4,SsangYong Rexton 4x4,"P 2,260,000 (AT)"
SsangYong,Tivoli 1.6 Gas Sport,SsangYong Tivoli 1.6 Gas Sport,"P 1,120,000 (AT)"
SsangYong,Tivoli 1.6 Diesel Sport,SsangYong Tivoli 1.6 Diesel Sport,"P 1,180,000 (AT)"
SsangYong,Tivoli 1.6 Diesel Premium,SsangYong Tivoli 1.6 Diesel Premium,"P 1,290,000 (AT)"
Subaru,BRZ 2.4,Subaru BRZ 2.4,"P 2,519,000 (MT)"
Subaru,BRZ 2.4 EyeSight,Subaru BRZ 2.4 EyeSight,"P 2,619,000 (AT)"
Subaru,Crosstrek 2.0i-L EyeSight,Subaru Crosstrek 2.0i-L EyeSight,"P 1,998,000 (AT)"
Subaru,Crosstrek 2.0i-S EyeSight,Subaru Crosstrek 2.0i-S EyeSight,"P 2,018,000 (AT)"
Subaru,Evoltis 2.4 Touring EyeSight,Subaru Evoltis 2.4 Touring EyeSight,"P 3,780,000 (AT)"
Subaru,Forester 2.0i-S EyeSight,Subaru Forester 2.0i-S EyeSight,"P 2,168,000 (AT)"
Subaru,Forester 2.0i-S EyeSight GT Edition,Subaru Forester 2.0i-S EyeSight GT Edition,"P 2,298,000 (AT)"
Subaru,Outback 2.5i-Touring EyeSight,Subaru Outback 2.5i-Touring EyeSight,"P 2,480,000 (AT)"
Subaru,WRX 2.4,Subaru WRX 2.4,"P 2,608,000 (MT)"
Subaru,WRX 2.4 EyeSight,Subaru WRX 2.4 EyeSight,"P 2,758,000 (AT)"
Subaru,WRX 2.4 tS EyeSight,Subaru WRX 2.4 tS EyeSight,"P 2,908,000 (AT)"
Subaru,WRX 2.4 Wagon EyeSight,Subaru WRX 2.4 Wagon EyeSight,"P 2,658,000 (AT)"
Subaru,WRX 2.4 tS Wagon EyeSight,Subaru WRX 2.4 tS Wagon EyeSight,"P 2,808,000 (AT)"
Subaru,XV 2.0i-S EyeSight,Subaru XV 2.0i-S EyeSight,"P 1,908,000 (AT)"
Subaru,XV 2.0i-S EyeSight GT Edition,Subaru XV 2.0i-S EyeSight GT Edition,"P 2,008,000 (AT)"
Suzuki,APV 1.6 GA,Suzuki APV 1.6 GA,"P 743,000 (MT)"
Suzuki,APV 1.6 GLX,Suzuki APV 1.6 GLX,"P 955,000 (MT)"
Suzuki,Carry 1.5 Cab & Chassis,Suzuki Carry 1.5 Cab & Chassis,"P 614,000 (MT)"
Suzuki,Carry 1.5 Dropside,Suzuki Carry 1.5 Dropside,"P 642,000 (MT)"
Suzuki,Carry 1.5 Cargo Van,Suzuki Carry 1.5 Cargo Van,"P 699,000 (MT)"
Suzuki,Carry 1.5 Utility Van,Suzuki Carry 1.5 Utility Van,"P 739,000 (MT)"
Suzuki,Carry 1.5 Lineman Vehicle,Suzuki Carry 1.5 Lineman Vehicle,"P 798,000 (MT)"
Suzuki,Celerio 1.0 GL,Suzuki Celerio 1.0 GL,"P 708,000 (MT)"
Suzuki,Celerio 1.0 GL,Suzuki Celerio 1.0 GL,"P 754,000 (AT)"
Suzuki,Dzire 1.2 GA,Suzuki Dzire 1.2 GA,"P 609,000 (MT)"
Suzuki,Dzire 1.2 GL,Suzuki Dzire 1.2 GL,"P 758,000 (MT)"
Suzuki,Dzire 1.2 GL+,Suzuki Dzire 1.2 GL+,"P 819,000 (AT)"
Suzuki,Ertiga Hybrid 1.5 GA,Suzuki Ertiga Hybrid 1.5 GA,"P 954,000 (MT)"
Suzuki,Ertiga Hybrid 1.5 GL,Suzuki Ertiga Hybrid 1.5 GL,"P 1,068,000 (MT)"
Suzuki,Ertiga Hybrid 1.5 GL,Suzuki Ertiga Hybrid 1.5 GL,"P 1,103,000 (AT)"
Suzuki,Ertiga Hybrid 1.5 GLX,Suzuki Ertiga Hybrid 1.5 GLX,"P 1,153,000 (AT)"
Suzuki,Jimny 1.5 GL All-Grip Pro,Suzuki Jimny 1.5 GL All-Grip Pro,"P 1,258,000 (MT)"
Suzuki,Jimny 1.5 GLX All-Grip Pro,Suzuki Jimny 1.5 GLX All-Grip Pro,"P 1,320,000 (AT)"
Suzuki,Jimny 1.5 GLX All-Grip Pro 2-Tone,Suzuki Jimny 1.5 GLX All-Grip Pro 2-Tone,"P 1,330,000 (AT)"
Suzuki,S-Presso GL,Suzuki S-Presso GL,"P 620,000 (MT)"
Suzuki,S-Presso GL,Suzuki S-Presso GL,"P 660,000 (AT)"
Suzuki,S-Presso Special Edition,Suzuki S-Presso Special Edition,"P 588,000 (MT)"
Suzuki,Swift 1.2 GL,Suzuki Swift 1.2 GL,"P 972,000 (AT)"
Suzuki,XL7 GLX,Suzuki XL7 GLX,"P 1,181,000 (AT)"
Tata,Ace,Tata Ace,"P 369,000 (MT)"
Tata,Intra V10,Tata Intra V10,"P 545,000 (MT)"
Tata,Super Mint,Tata Super Mint,"P 579,000 (MT)"
Toyota,Alphard 3.5 V6,Toyota Alphard 3.5 V6,"P 4,160,000 (AT)"
Toyota,Avanza 1.3 J,Toyota Avanza 1.3 J,"P 833,000 (MT)"
Toyota,Avanza 1.3 E,Toyota Avanza 1.3 E,"P 948,000 (MT)"
Toyota,Avanza 1.3 E,Toyota Avanza 1.3 E,"P 1,004,000 (AT)"
Toyota,Avanza 1.5 G,Toyota Avanza 1.5 G,"P 1,059,000 (AT)"
Toyota,Camry 2.5 V Hybrid,Toyota Camry 2.5 V Hybrid,"P 2,402,000 (AT)"
Toyota,Coaster,Toyota Coaster,"P 3,978,000 (MT)"
Toyota,Corolla Altis 1.6 E,Toyota Corolla Altis 1.6 E,"P 1,054,000 (MT)"
Toyota,Corolla Altis 1.6 G,Toyota Corolla Altis 1.6 G,"P 1,130,000 (AT)"
Toyota,Corolla Altis 1.6 V GR Sport,Toyota Corolla Altis 1.6 V GR Sport,"P 1,302,000 (AT)"
Toyota,Corolla Altis 1.8 GR Sport Hybrid,Toyota Corolla Altis 1.8 GR Sport Hybrid,"P 1,665,000 (AT)"
Toyota,Corolla Cross 1.8 G,Toyota Corolla Cross 1.8 G,"P 1,312,000 (AT)"
Toyota,Corolla Cross 1.8 V Hybrid,Toyota Corolla Cross 1.8 V Hybrid,"P 1,680,000 (AT)"
Toyota,Corolla Cross 1.8 GR Sport Hybrid,Toyota Corolla Cross 1.8 GR Sport Hybrid,"P 1,844,000 (AT)"
Toyota,Fortuner 2.4 G 4x2,Toyota Fortuner 2.4 G 4x2,"P 1,736,000 (MT)"
Toyota,Fortuner 2.4 G 4x2,Toyota Fortuner 2.4 G 4x2,"P 1,828,000 (AT)"
Toyota,Fortuner 2.4 V 4x2,Toyota Fortuner 2.4 V 4x2,"P 1,958,000 (AT)"
Toyota,Fortuner 2.8 Q 4x2,Toyota Fortuner 2.8 Q 4x2,"P 2,115,000 (AT)"
Toyota,Fortuner 2.8 LTD 4x2,Toyota Fortuner 2.8 LTD 4x2,"P 2,382,000 (AT)"
Toyota,Fortuner 2.8 LTD 4x4,Toyota Fortuner 2.8 LTD 4x4,"P 2,545,000 (AT)"
Toyota,Fortuner GR Sport 4x4,Toyota Fortuner GR Sport 4x4,"P 2,595,000 (AT)"
Toyota,GR 86,Toyota GR 86,"P 2,328,000 (MT)"
Toyota,GR 86,Toyota GR 86,"P 2,499,000 (AT)"
Toyota,GR Supra,Toyota GR Supra,"P 4,990,000 (AT)"
Toyota,GR Yaris,Toyota GR Yaris,"P 2,740,000 (MT)"
Toyota,Hiace 3.0 Cargo,Toyota Hiace 3.0 Cargo,"P 1,166,000 (MT)"
Toyota,Hiace 3.0 Commuter,Toyota Hiace 3.0 Commuter,"P 1,379,000 (MT)"
Toyota,Hiace 2.8 Commuter Deluxe,Toyota Hiace 2.8 Commuter Deluxe,"P 1,724,000 (MT)"
Toyota,Hiace 2.8 GL Grandia,Toyota Hiace 2.8 GL Grandia,"P 2,190,000 (MT)"
Toyota,Hiace 2.8 GL Grandia,Toyota Hiace 2.8 GL Grandia,"P 2,265,000 (AT)"
Toyota,Hiace 2.8 GL Grandia Tourer,Toyota Hiace 2.8 GL Grandia Tourer,"P 2,439,000 (AT)"
Toyota,Hiace 2.8 Super Grandia,Toyota Hiace 2.8 Super Grandia,"P 2,783,000 (AT)"
Toyota,Hiace 2.8 Super Grandia Elite,Toyota Hiace 2.8 Super Grandia Elite,"P 3,158,000 (AT)"
Toyota,Hilux 2.4 Cab & Chassis,Toyota Hilux 2.4 Cab & Chassis,"P 861,000 (MT)"
Toyota,Hilux 2.4 Cargo,Toyota Hilux 2.4 Cargo,"P 965,000 (MT)"
Toyota,Hilux 2.4 FX (w/ Rear AC),Toyota Hilux 2.4 FX (w/ Rear AC),"P 1,088,000 (MT)"
Toyota,Hilux 2.4 J 4x2,Toyota Hilux 2.4 J 4x2,"P 971,000 (MT)"
Toyota,Hilux 2.4 J 4x4,Toyota Hilux 2.4 J 4x4,"P 1,169,000 (MT)"
Toyota,Hilux 2.4 E 4x2,Toyota Hilux 2.4 E 4x2,"P 1,174,000 (MT)"
Toyota,Hilux 2.4 G,Toyota Hilux 2.4 G,"P 1,303,000 (MT)"
Toyota,Hilux 2.4 G,Toyota Hilux 2.4 G,"P 1,379,000 (AT)"
Toyota,Hilux Conquest 4x2,Toyota Hilux Conquest 4x2,"P 1,486,000 (MT)"
Toyota,Hilux Conquest 4x2,Toyota Hilux Conquest 4x2,"P 1,562,000 (AT)"
Toyota,Hilux Conquest 4x4,Toyota Hilux Conquest 4x4,"P 1,862,000 (MT)"
Toyota,Hilux Conquest 4x4,Toyota Hilux Conquest 4x4,"P 1,937,000 (AT)"
Toyota,Hilux GR Sport 4x4,Toyota Hilux GR Sport 4x4,"P 2,057,000 (AT)"
Toyota,Innova 2.8 J,Toyota Innova 2.8 J,"P 1,236,000 (MT)"
Toyota,Innova 2.8 E,Toyota Innova 2.8 E,"P 1,340,000 (MT)"
Toyota,Innova 2.8 E,Toyota Innova 2.8 E,"P 1,375,000 (AT)"
Toyota,Innova 2.8 G,Toyota Innova 2.8 G,"P 1,572,000 (MT)"
Toyota,Innova 2.8 G,Toyota Innova 2.8 G,"P 1,642,000 (AT)"
Toyota,Innova 2.8 V,Toyota Innova 2.8 V,"P 1,789,000 (AT)"
Toyota,"Innova Zenix 2,0 V","Toyota Innova Zenix 2,0 V","P 1,670,000 (AT)"
Toyota,Innova Zenix 2.0 Q Hybrid,Toyota Innova Zenix 2.0 Q Hybrid,"P 1,953,000 (AT)"
Toyota,Land Cruiser 300 VX,Toyota Land Cruiser 300 VX,"P 5,340,000 (AT)"
Toyota,Land Cruiser 300 ZX,Toyota Land Cruiser 300 ZX,"P 5,732,000 (AT)"
Toyota,Land Cruiser Prado 4.0 V6,Toyota Land Cruiser Prado 4.0 V6,"P 3,630,000 (AT)"
Toyota,Land Cruiser Prado 2.8 Diesel,Toyota Land Cruiser Prado 2.8 Diesel,"P 4,442,000 (AT)"
Toyota,Lite Ace Pick-Up,Toyota Lite Ace Pick-Up,"P 645,000 (MT)"
Toyota,Lite Ace Panel Van,Toyota Lite Ace Panel Van,"P 695,000 (MT)"
Toyota,Lite Ace Cargo Van,Toyota Lite Ace Cargo Van,"P 699,000 (MT)"
Toyota,Lite Ace FX Utility Van,Toyota Lite Ace FX Utility Van,"P 737,000 (MT)"
Toyota,Raize 1.2 E,Toyota Raize 1.2 E,"P 751,000 (MT)"
Toyota,Raize 1.2 E,Toyota Raize 1.2 E,"P 831,000 (AT)"
Toyota,Raize 1.2 G,Toyota Raize 1.2 G,"P 926,000 (AT)"
Toyota,Raize 1.0 Turbo,Toyota Raize 1.0 Turbo,"P 1,051,000 (AT)"
Toyota,RAV4 2.5 XLE Hybrid,Toyota RAV4 2.5 XLE Hybrid,"P 2,264,000 (AT)"
Toyota,RAV4 LTD Hybrid,Toyota RAV4 LTD Hybrid,"P 2,607,000 (AT)"
Toyota,Rush 1.5 E,Toyota Rush 1.5 E,"P 1,012,000 (MT)"
Toyota,Rush 1.5 E,Toyota Rush 1.5 E,"P 1,052,000 (AT)"
Toyota,Rush 1.5 GR Sport,Toyota Rush 1.5 GR Sport,"P 1,176,000 (AT)"
Toyota,Veloz 1.5 G,Toyota Veloz 1.5 G,"P 1,210,000 (AT)"
Toyota,Veloz 1.5 V,Toyota Veloz 1.5 V,"P 1,250,000 (AT)"
Toyota,Vios 1.3 Base,Toyota Vios 1.3 Base,"P 706,000 (MT)"
Toyota,Vios 1.3 J,Toyota Vios 1.3 J,"P 732,000 (MT)"
Toyota,Vios 1.3 XE,Toyota Vios 1.3 XE,"P 769,000 (AT)"
Toyota,Vios 1.3 XLE,Toyota Vios 1.3 XLE,"P 831,000 (MT)"
Toyota,Vios 1.3 XLE,Toyota Vios 1.3 XLE,"P 882,000 (AT)"
Toyota,Vios 1.3 E,Toyota Vios 1.3 E,"P 886,000 (MT)"
Toyota,Vios 1.3 E,Toyota Vios 1.3 E,"P 936,000 (AT)"
Toyota,Vios 1.5 G,Toyota Vios 1.5 G,"P 946,000 (MT)"
Toyota,Vios 1.5 G,Toyota Vios 1.5 G,"P 1,005,000 (AT)"
Toyota,Vios 1.5 GR Sport,Toyota Vios 1.5 GR Sport,"P 1,055,000 (AT)"
Toyota,Yaris 1.3 E,Toyota Yaris 1.3 E,"P 973,000 (AT)"
Toyota,Yaris 1.5 S,Toyota Yaris 1.5 S,"P 1,114,000 (AT)"
Toyota,Wigo 1.0 E ,Toyota Wigo 1.0 E ,"P 578,000 (MT)"
Toyota,Wigo 1.0 G,Toyota Wigo 1.0 G,"P 644,000 (MT)"
Toyota,Wigo 1.0 G,Toyota Wigo 1.0 G,"P 684,000 (AT)"
Toyota,Wigo 1.0 TRD S,Toyota Wigo 1.0 TRD S,"P 705,000 (AT)"
Volkswagen,Lamando 280 TSI SE,Volkswagen Lamando 280 TSI SE,"P 1,619,000 (AT)"
Volkswagen,Lamando 280 TSI SEL,Volkswagen Lamando 280 TSI SEL,"P 1,753,000 (AT)"
Volkswagen,Lavida 230 TSI SE,Volkswagen Lavida 230 TSI SE,"P 1,251,000 (AT)"
Volkswagen,Multivan Kombi,Volkswagen Multivan Kombi,"P 3,995,000 (AT)"
Volkswagen,Multivan Kombi Bi-Color,Volkswagen Multivan Kombi Bi-Color,"P 4,045,000 (AT)"
Volkswagen,Santana MPI,Volkswagen Santana MPI,"P 686,000 (MT)"
Volkswagen,Santana 180 MPI S,Volkswagen Santana 180 MPI S,"P 805,000 (AT)"
Volkswagen,Santana 180 MPI SE,Volkswagen Santana 180 MPI SE,"P 948,000 (AT)"
Volkswagen,Santana GTS 180 MPI SE,Volkswagen Santana GTS 180 MPI SE,"P 1,029,000 (AT)"
Volkswagen,Santana Cross 180 MPI SE,Volkswagen Santana Cross 180 MPI SE,"P 1,098,000 (AT)"
Volkswagen,T-Cross 180 MPI SE,Volkswagen T-Cross 180 MPI SE,"P 1,340,000 (AT)"
Volvo,S90L B6 Inscription,Volvo S90L B6 Inscription,"P 4,490,000 (AT)"
Volvo,XC40 B5 Sport R-Design,Volvo XC40 B5 Sport R-Design,"P 3,690,000 (AT)"
Volvo,XC60 B6 Inscription,Volvo XC60 B6 Inscription,"P4,490,000 (AT)"
Volvo,XC90 B6 Inscription,Volvo XC90 B6 Inscription,"P 5,890,000 (AT)"
Weltmeister,W5 EV,Weltmeister W5 EV,"P 2,248,000"